{"chunk_definitions":[{"chunk_id":"cu1wl6h8xxljz","chunk_label":"unnamed-chunk-2","document_id":"C5560E1D","expansion_state":0,"options":{"engine":"r","label":"unnamed-chunk-2"},"row":14,"row_count":1,"visible":true},{"chunk_id":"cf5isrd69hph1","chunk_label":"unnamed-chunk-3","document_id":"C5560E1D","expansion_state":0,"options":{"engine":"r","label":"unnamed-chunk-3"},"row":25,"row_count":1,"visible":true},{"chunk_id":"cb52g59zo4i34","chunk_label":"unnamed-chunk-4","document_id":"C5560E1D","expansion_state":0,"options":{"engine":"r","label":"unnamed-chunk-4"},"row":30,"row_count":1,"visible":true},{"chunk_id":"cc6cglpqto4bm","chunk_label":"unnamed-chunk-5","document_id":"C5560E1D","expansion_state":0,"options":{"engine":"r","label":"unnamed-chunk-5"},"row":43,"row_count":1,"visible":true},{"chunk_id":"clgz3srakevqx","chunk_label":"unnamed-chunk-6","document_id":"C5560E1D","expansion_state":0,"options":{"engine":"r","label":"unnamed-chunk-6"},"row":57,"row_count":1,"visible":true},{"chunk_id":"cawx16re19fwq","chunk_label":"unnamed-chunk-7","document_id":"C5560E1D","expansion_state":0,"options":{"engine":"r","label":"unnamed-chunk-7"},"row":69,"row_count":1,"visible":true},{"chunk_id":"cnotwb9lca7uz","chunk_label":"unnamed-chunk-8","document_id":"C5560E1D","expansion_state":0,"options":{"engine":"r","label":"unnamed-chunk-8"},"row":80,"row_count":1,"visible":true},{"chunk_id":"chie4a73ovc36","chunk_label":"unnamed-chunk-9","document_id":"C5560E1D","expansion_state":0,"options":{"engine":"r","label":"unnamed-chunk-9"},"row":89,"row_count":1,"visible":true},{"chunk_id":"ca3d2tlstogm4","chunk_label":"unnamed-chunk-10","document_id":"C5560E1D","expansion_state":0,"options":{"engine":"r","label":"unnamed-chunk-10"},"row":94,"row_count":1,"visible":true},{"chunk_id":"ced9iabw8hxnf","chunk_label":"unnamed-chunk-11","document_id":"C5560E1D","expansion_state":0,"options":{"engine":"r","label":"unnamed-chunk-11"},"row":99,"row_count":1,"visible":true},{"chunk_id":"coj32vjad5g30","chunk_label":"unnamed-chunk-12","document_id":"C5560E1D","expansion_state":0,"options":{"engine":"r","label":"unnamed-chunk-12"},"row":104,"row_count":1,"visible":true}],"doc_write_time":1573266858}