{"chunk_definitions":[{"chunk_id":"czj0gj2csvqxr","chunk_label":"unnamed-chunk-1","document_id":"C3F3D387","expansion_state":0,"options":{"engine":"r","label":"unnamed-chunk-1"},"row":12,"row_count":1,"visible":true},{"chunk_id":"caqkrbim2vtr4","chunk_label":"unnamed-chunk-2","document_id":"C3F3D387","expansion_state":0,"options":{"engine":"r","label":"unnamed-chunk-2"},"row":15,"row_count":1,"visible":true},{"chunk_id":"cfizdg9ly3rb1","chunk_label":"unnamed-chunk-3","document_id":"C3F3D387","expansion_state":0,"options":{"engine":"r","label":"unnamed-chunk-3"},"row":29,"row_count":1,"visible":true},{"chunk_id":"ch7l4fhyq9xpw","chunk_label":"unnamed-chunk-4","document_id":"C3F3D387","expansion_state":0,"options":{"engine":"r","label":"unnamed-chunk-1"},"row":43,"row_count":1,"visible":true},{"chunk_id":"c4nncmr9knifr","chunk_label":"unnamed-chunk-5","document_id":"C3F3D387","expansion_state":0,"options":{"engine":"r","label":"unnamed-chunk-2"},"row":52,"row_count":1,"visible":true},{"chunk_id":"cto0p83w936tm","chunk_label":"unnamed-chunk-6","document_id":"C3F3D387","expansion_state":0,"options":{"engine":"r","label":"unnamed-chunk-1"},"row":65,"row_count":1,"visible":true},{"chunk_id":"c3p1z2hj2siga","chunk_label":"unnamed-chunk-7","document_id":"C3F3D387","expansion_state":0,"options":{"engine":"r","label":"unnamed-chunk-3"},"row":77,"row_count":1,"visible":true},{"chunk_id":"cabhyvpb4op80","chunk_label":"unnamed-chunk-8","document_id":"C3F3D387","expansion_state":0,"options":{"engine":"r","label":"unnamed-chunk-5"},"row":87,"row_count":1,"visible":true},{"chunk_id":"ci074u3iwqxfm","chunk_label":"unnamed-chunk-9","document_id":"C3F3D387","expansion_state":0,"options":{"engine":"r","label":"unnamed-chunk-6"},"row":93,"row_count":1,"visible":true},{"chunk_id":"c7sa8kuiachbd","chunk_label":"unnamed-chunk-10","document_id":"C3F3D387","expansion_state":0,"options":{"engine":"r","label":"unnamed-chunk-7"},"row":98,"row_count":1,"visible":true}],"doc_write_time":1572952207}