{"chunk_definitions":[{"chunk_id":"cuafxphgvb1uj","chunk_label":"unnamed-chunk-1","document_id":null,"expansion_state":0,"options":{"engine":"r","label":"unnamed-chunk-1"},"row":10,"row_count":1,"visible":true},{"chunk_id":"cac8pjlrv1pxg","chunk_label":"unnamed-chunk-2","document_id":null,"expansion_state":0,"options":{"engine":"r","label":"unnamed-chunk-2"},"row":22,"row_count":1,"visible":true},{"chunk_id":"c81b1gmdofmqj","chunk_label":"unnamed-chunk-3","document_id":null,"expansion_state":0,"options":{"engine":"r","label":"unnamed-chunk-3"},"row":27,"row_count":1,"visible":true},{"chunk_id":"cq53m8h8lnru3","chunk_label":"unnamed-chunk-4","document_id":null,"expansion_state":0,"options":{"engine":"r","label":"unnamed-chunk-4"},"row":40,"row_count":1,"visible":true},{"chunk_id":"cl9pusxyb8764","chunk_label":"unnamed-chunk-5","document_id":null,"expansion_state":0,"options":{"engine":"r","label":"unnamed-chunk-5"},"row":54,"row_count":1,"visible":true},{"chunk_id":"cc8cszet01z99","chunk_label":"unnamed-chunk-6","document_id":null,"expansion_state":0,"options":{"engine":"r","label":"unnamed-chunk-6"},"row":66,"row_count":1,"visible":true},{"chunk_id":"cxgrrkec63u3k","chunk_label":"unnamed-chunk-7","document_id":null,"expansion_state":0,"options":{"engine":"r","label":"unnamed-chunk-7"},"row":77,"row_count":1,"visible":true},{"chunk_id":"cfzadmtouvhqv","chunk_label":"unnamed-chunk-8","document_id":null,"expansion_state":0,"options":{"engine":"r","label":"unnamed-chunk-8"},"row":86,"row_count":1,"visible":true},{"chunk_id":"ceelqiaaf46mp","chunk_label":"unnamed-chunk-9","document_id":null,"expansion_state":0,"options":{"engine":"r","label":"unnamed-chunk-9"},"row":91,"row_count":1,"visible":true},{"chunk_id":"ck0sr181w9q35","chunk_label":"unnamed-chunk-10","document_id":null,"expansion_state":0,"options":{"engine":"r","label":"unnamed-chunk-10"},"row":96,"row_count":1,"visible":true},{"chunk_id":"cmzi6wai8t0bh","chunk_label":"unnamed-chunk-11","document_id":null,"expansion_state":0,"options":{"engine":"r","label":"unnamed-chunk-11"},"row":101,"row_count":1,"visible":true}],"doc_write_time":1573003635}